severity,check,ci_name,ci_class,ci_sys_id,problem,suggested_fix
high,Duplicates,CHI-WIN-RDS-06,cmdb_ci_win_server,1718cfde6c4e5a8c99afee6490248225,Same serial as chi-win-rds-06 (2 records share it),"Merge into chi-win-rds-06 with CMDB Duplicate Remediation, then review the identification rule for cmdb_ci_win_server."
high,Duplicates,dal-win-dc-18,cmdb_ci_win_server,9e3c5a886aa56e6d92779574c4576cc3,Same serial as DAL-WIN-DC-18 (2 records share it),"Merge into DAL-WIN-DC-18 with CMDB Duplicate Remediation, then review the identification rule for cmdb_ci_win_server."
high,Duplicates,dt-10189,cmdb_ci_computer,2fddb26a13106665aec2bb19fbc398d8,Same serial as dt-10189 (2 records share it),"Merge into dt-10189 with CMDB Duplicate Remediation, then review the identification rule for cmdb_ci_computer."
high,Duplicates,dt-10777,cmdb_ci_computer,d5c97d5d0e5779ecbe1a070fed83a4c8,Same serial as dt-10777 (2 records share it),"Merge into dt-10777 with CMDB Duplicate Remediation, then review the identification rule for cmdb_ci_computer."
high,Duplicates,HOU-WIN-RDS-26,cmdb_ci_win_server,e2aa6dc77208838e7d57ef69332ac35a,Same serial as hou-win-rds-26 (2 records share it),"Merge into hou-win-rds-26 with CMDB Duplicate Remediation, then review the identification rule for cmdb_ci_win_server."
high,Duplicates,lt-10007,cmdb_ci_computer,7779857f37dc8c784082fcda7580e4e9,Same serial as lt-10007 (2 records share it),"Merge into lt-10007 with CMDB Duplicate Remediation, then review the identification rule for cmdb_ci_computer."
high,Duplicates,lt-10028,cmdb_ci_computer,55ec024ae64b9b37ae01a122f269921c,Same serial as lt-10028 (2 records share it),"Merge into lt-10028 with CMDB Duplicate Remediation, then review the identification rule for cmdb_ci_computer."
high,Duplicates,lt-10707,cmdb_ci_computer,1cf8d03f802b1bf4b8ff615c172720fa,Same serial as lt-10707 (2 records share it),"Merge into lt-10707 with CMDB Duplicate Remediation, then review the identification rule for cmdb_ci_computer."
high,Duplicates,lt-10952,cmdb_ci_computer,edb7d4e4fabb66097de17a8511c4194a,Same serial as lt-10952 (2 records share it),"Merge into lt-10952 with CMDB Duplicate Remediation, then review the identification rule for cmdb_ci_computer."
high,Duplicates,PHX-WIN-SCCM-23,cmdb_ci_win_server,aa5f89ca5bea530d219c00cb9a7fde23,Same serial as phx-win-sccm-23 (2 records share it),"Merge into phx-win-sccm-23 with CMDB Duplicate Remediation, then review the identification rule for cmdb_ci_win_server."
high,Duplicates,PHX-WIN-WEB-24,cmdb_ci_win_server,6eaf0a90cd14eacb7da806314c6d8ddd,Same serial as phx-win-web-24 (2 records share it),"Merge into phx-win-web-24 with CMDB Duplicate Remediation, then review the identification rule for cmdb_ci_win_server."
high,Relationships,Asset Disposal Log,cmdb_ci_appl,303c1503d4e20134389ae4fd80ddb386,Has no relationships (orphan),"Map what it runs on and what uses it, for example with Service Mapping or a Depends on::Used by relationship."
high,Relationships,Badge Access Sync,cmdb_ci_appl,d19fcf311dd73f1f138ef8ccea8104ad,Depends on retired CI hou-lnx-jenkins-34,"Point the relationship at the replacement CI, or remove it if the dependency is gone."
high,Relationships,Carrier EDI Hub,cmdb_ci_appl,7a9e8394bb4ccb141cc0b764b06befca,Depends on retired CI chi-lnx-api-01,"Point the relationship at the replacement CI, or remove it if the dependency is gone."
high,Relationships,Contract Repository,cmdb_ci_appl,1114e0daf87ae6defe8c9aab7e388a19,Depends on retired CI phx-win-dc-14,"Point the relationship at the replacement CI, or remove it if the dependency is gone."
high,Relationships,Customer Self-Service,cmdb_ci_appl,5a0461c9947defcf88cfc53d188889ce,Depends on retired CI hou-lnx-web-05,"Point the relationship at the replacement CI, or remove it if the dependency is gone."
high,Relationships,Driver Training LMS,cmdb_ci_appl,fb29ff362155fba835b823e420168e6d,Has no relationships (orphan),"Map what it runs on and what uses it, for example with Service Mapping or a Depends on::Used by relationship."
high,Relationships,HR Onboarding,cmdb_ci_appl,cdbe55486a6566e8fe1ad905bdd4c1f2,Depends on retired CI chi-lnx-jenkins-19,"Point the relationship at the replacement CI, or remove it if the dependency is gone."
high,Relationships,Maintenance Planner,cmdb_ci_appl,45f8e14dea16ce6ea388ca3268d26992,Depends on retired CI atl-win-print-17,"Point the relationship at the replacement CI, or remove it if the dependency is gone."
high,Relationships,mssql-hou-21,cmdb_ci_db_instance,da55f8255086f384733ac54f62359144,Depends on retired CI chi-lnx-jenkins-19,"Point the relationship at the replacement CI, or remove it if the dependency is gone."
high,Relationships,mysql-atl-12,cmdb_ci_db_instance,ac0e73077ddcaaf6ac95adb1ffac54fd,Has no relationships (orphan),"Map what it runs on and what uses it, for example with Service Mapping or a Depends on::Used by relationship."
high,Relationships,mysql-hou-09,cmdb_ci_db_instance,49cc253fb4693ec45c7ae8efc3245e35,Has no relationships (orphan),"Map what it runs on and what uses it, for example with Service Mapping or a Depends on::Used by relationship."
high,Relationships,oracle-chi-11,cmdb_ci_db_instance,6d8ee559daf93e99fc267da64a640fc1,Has no relationships (orphan),"Map what it runs on and what uses it, for example with Service Mapping or a Depends on::Used by relationship."
high,Relationships,Payroll Connector,cmdb_ci_appl,fb0e7c28c110bcfef1aa9ba0f83811c5,Has no relationships (orphan),"Map what it runs on and what uses it, for example with Service Mapping or a Depends on::Used by relationship."
high,Relationships,Proof of Delivery,cmdb_ci_appl,72114575fa3efd034edeae5f59f2674c,Has no relationships (orphan),"Map what it runs on and what uses it, for example with Service Mapping or a Depends on::Used by relationship."
high,Relationships,Quote Builder,cmdb_ci_appl,af97fbd2a0c4594242067d80de4beb12,Depends on retired CI hou-lnx-redis-26,"Point the relationship at the replacement CI, or remove it if the dependency is gone."
high,Relationships,Returns Desk,cmdb_ci_appl,45cdb96b0d8a16f329ce9bfa5b7d9d2d,Depends on retired CI hou-lnx-jenkins-34,"Point the relationship at the replacement CI, or remove it if the dependency is gone."
high,Required fields,atl-lnx-api-30,cmdb_ci_linux_server,a89e22f240afbf3f3df519674d8670bd,Missing Support group,"Fill in the missing fields, or set a default through a data policy or the discovery pattern."
high,Required fields,atl-lnx-db-29,cmdb_ci_linux_server,eb3537a02d6e0291b7893986573bfc17,Missing Support group,"Fill in the missing fields, or set a default through a data policy or the discovery pattern."
high,Required fields,atl-win-dc-29,cmdb_ci_win_server,33baba8836c7d6fa7aa4f052bf519362,Missing Owned by,"Fill in the missing fields, or set a default through a data policy or the discovery pattern."
high,Required fields,atl-win-rds-14,cmdb_ci_win_server,82010c62f5f59b220e8fa8e0284d82e5,Missing Owned by,"Fill in the missing fields, or set a default through a data policy or the discovery pattern."
high,Required fields,atl-win-sql-03,cmdb_ci_win_server,47294739614ff3d719db3ad0ddd1dfb2,"Missing Owned by, Serial number","Fill in the missing fields, or set a default through a data policy or the discovery pattern."
high,Required fields,chi-win-file-08,cmdb_ci_win_server,486822b900a81de9d20f87d044656d6b,Missing Support group,"Fill in the missing fields, or set a default through a data policy or the discovery pattern."
high,Required fields,chi-win-file-21,cmdb_ci_win_server,6651529e8268690ba43825b559e4b671,Missing Support group,"Fill in the missing fields, or set a default through a data policy or the discovery pattern."
high,Required fields,dal-lnx-etl-17,cmdb_ci_linux_server,7fd238c33ee82983d557424191ddb9bf,Missing Owned by,"Fill in the missing fields, or set a default through a data policy or the discovery pattern."
high,Required fields,dt-10217,cmdb_ci_computer,f2be029f15149755838e9a615200044b,Missing Support group,"Fill in the missing fields, or set a default through a data policy or the discovery pattern."
high,Required fields,dt-10399,cmdb_ci_computer,37f3f32b5a81762a5059f77b79ff89d9,Missing Support group,"Fill in the missing fields, or set a default through a data policy or the discovery pattern."
high,Required fields,dt-10420,cmdb_ci_computer,534fc96d19ca9c1b94bcf47a61223189,Missing Owned by,"Fill in the missing fields, or set a default through a data policy or the discovery pattern."
high,Required fields,dt-10518,cmdb_ci_computer,f6121d2cae7300eb639d8fe7790b185c,Missing Owned by,"Fill in the missing fields, or set a default through a data policy or the discovery pattern."
high,Required fields,dt-10721,cmdb_ci_computer,e98965f22bbf1e35c4acb57d0b3d6dc9,Missing Owned by,"Fill in the missing fields, or set a default through a data policy or the discovery pattern."
high,Required fields,dt-10728,cmdb_ci_computer,f5defeba21aea39be606d7c21e18046d,Missing Support group,"Fill in the missing fields, or set a default through a data policy or the discovery pattern."
high,Required fields,dt-11008,cmdb_ci_computer,ca82673019977e2e222498130a6b3e3d,Missing Support group,"Fill in the missing fields, or set a default through a data policy or the discovery pattern."
high,Required fields,dt-11057,cmdb_ci_computer,3f24ba6adf629d0cbc7637a06d98a416,Missing Owned by,"Fill in the missing fields, or set a default through a data policy or the discovery pattern."
high,Required fields,hou-lnx-redis-33,cmdb_ci_linux_server,59ea493660f34ebce1bbb8cd7e3a9f07,Missing Support group,"Fill in the missing fields, or set a default through a data policy or the discovery pattern."
high,Required fields,hou-win-app-24,cmdb_ci_win_server,a6a27967a79b44b6da509fed1d4a3d81,Missing Support group,"Fill in the missing fields, or set a default through a data policy or the discovery pattern."
high,Required fields,hou-win-sftp-13,cmdb_ci_win_server,4303cbc11e2595b88fc9c86be9ddebf5,"Missing Owned by, Support group","Fill in the missing fields, or set a default through a data policy or the discovery pattern."
high,Required fields,hou-win-sql-36,cmdb_ci_win_server,f52d4af2269ed4c980599b9379c2d2e4,Missing Support group,"Fill in the missing fields, or set a default through a data policy or the discovery pattern."
high,Required fields,hou-win-web-40,cmdb_ci_win_server,9191b3634e2d66456dc7cac7fd72b050,Missing Owned by,"Fill in the missing fields, or set a default through a data policy or the discovery pattern."
high,Required fields,lt-10126,cmdb_ci_computer,72b696ca92b26acdcd1f75a371b65ca1,Missing Owned by,"Fill in the missing fields, or set a default through a data policy or the discovery pattern."
high,Required fields,lt-10273,cmdb_ci_computer,e4dc43068b20ce3e42b7c0488d3543be,"Missing Support group, Asset tag","Fill in the missing fields, or set a default through a data policy or the discovery pattern."
high,Required fields,lt-10371,cmdb_ci_computer,3b4ec9f5b2cd9a0a840c5cb082b34384,Missing Support group,"Fill in the missing fields, or set a default through a data policy or the discovery pattern."
high,Required fields,lt-10406,cmdb_ci_computer,ad0205f51417c2f9eb91731a1eb05b4a,Missing Support group,"Fill in the missing fields, or set a default through a data policy or the discovery pattern."
high,Required fields,lt-10455,cmdb_ci_computer,457083e4653c8f74a50768979afa8267,Missing Support group,"Fill in the missing fields, or set a default through a data policy or the discovery pattern."
high,Required fields,lt-10644,cmdb_ci_computer,637e3f94110c8d920222305df1f71605,Missing Support group,"Fill in the missing fields, or set a default through a data policy or the discovery pattern."
high,Required fields,lt-10651,cmdb_ci_computer,802aa6eb32e97c2d2fb90ccf168885c2,Missing Support group,"Fill in the missing fields, or set a default through a data policy or the discovery pattern."
high,Required fields,lt-10679,cmdb_ci_computer,06b4ed272f4b8be821acfdb51b555f6d,Missing Owned by,"Fill in the missing fields, or set a default through a data policy or the discovery pattern."
high,Required fields,phx-win-print-25,cmdb_ci_win_server,956d80e46aa26216fada98f51c0f0bdc,Missing Support group,"Fill in the missing fields, or set a default through a data policy or the discovery pattern."
high,Required fields,phx-win-rds-18,cmdb_ci_win_server,f23e323d0b9bd93423c86d301dde7969,Missing Support group,"Fill in the missing fields, or set a default through a data policy or the discovery pattern."
high,Required fields,phx-win-sftp-09,cmdb_ci_win_server,69288e92c68a152fdb23aa8c3bcabf85,Missing Owned by,"Fill in the missing fields, or set a default through a data policy or the discovery pattern."
high,Stale records,atl-win-web-24,cmdb_ci_win_server,83f82f16e4a4474c9b33e3a42620f9a9,Last discovered 311 days ago,"Check whether the device was decommissioned. Retire it, or fix the discovery credentials or schedule."
high,Stale records,CHI-WIN-RDS-06,cmdb_ci_win_server,1718cfde6c4e5a8c99afee6490248225,Last discovered 188 days ago,"Check whether the device was decommissioned. Retire it, or fix the discovery credentials or schedule."
high,Stale records,dal-win-dc-18,cmdb_ci_win_server,9e3c5a886aa56e6d92779574c4576cc3,Last discovered 316 days ago,"Check whether the device was decommissioned. Retire it, or fix the discovery credentials or schedule."
high,Stale records,DAL-WIN-DC-18,cmdb_ci_win_server,f455af73c0a7ad9ca5accd5a48f18eed,Last discovered 223 days ago,"Check whether the device was decommissioned. Retire it, or fix the discovery credentials or schedule."
high,Stale records,dal-win-iis-20,cmdb_ci_win_server,a446be72364c911aa9ab364a1777e8cb,Last discovered 344 days ago,"Check whether the device was decommissioned. Retire it, or fix the discovery credentials or schedule."
high,Stale records,dal-win-print-05,cmdb_ci_win_server,a85c6e4a004b6fabfcf56188d32e6dcd,Last discovered 307 days ago,"Check whether the device was decommissioned. Retire it, or fix the discovery credentials or schedule."
high,Stale records,dal-win-sftp-39,cmdb_ci_win_server,f29a6339577bc55a36d55494f37fd50d,Last discovered 343 days ago,"Check whether the device was decommissioned. Retire it, or fix the discovery credentials or schedule."
high,Stale records,dt-10147,cmdb_ci_computer,c1d48a101b9689255682d038b77f69b9,Last discovered 243 days ago,"Check whether the device was decommissioned. Retire it, or fix the discovery credentials or schedule."
high,Stale records,dt-10224,cmdb_ci_computer,1667c51809b2eae654eb4c91b784ae08,Last discovered 357 days ago,"Check whether the device was decommissioned. Retire it, or fix the discovery credentials or schedule."
high,Stale records,dt-10294,cmdb_ci_computer,a75743f9606cc2f52c816bf091f60406,Last discovered 391 days ago,"Check whether the device was decommissioned. Retire it, or fix the discovery credentials or schedule."
high,Stale records,dt-10322,cmdb_ci_computer,af82e70cb9644e4f2aefcf3b43b7a0ef,Last discovered 344 days ago,"Check whether the device was decommissioned. Retire it, or fix the discovery credentials or schedule."
high,Stale records,dt-10728,cmdb_ci_computer,f5defeba21aea39be606d7c21e18046d,Last discovered 365 days ago,"Check whether the device was decommissioned. Retire it, or fix the discovery credentials or schedule."
high,Stale records,HOU-LNX-WEB-05,cmdb_ci_linux_server,354e15ecda33562c054046cc16d50b84,Last discovered 222 days ago,"Check whether the device was decommissioned. Retire it, or fix the discovery credentials or schedule."
high,Stale records,HOU-WIN-RDS-26,cmdb_ci_win_server,e2aa6dc77208838e7d57ef69332ac35a,Last discovered 251 days ago,"Check whether the device was decommissioned. Retire it, or fix the discovery credentials or schedule."
high,Stale records,hou-win-sftp-13,cmdb_ci_win_server,12e89d10287117338beddb12ad77e82f,Last discovered 337 days ago,"Check whether the device was decommissioned. Retire it, or fix the discovery credentials or schedule."
high,Stale records,HOU-WIN-SQL-22,cmdb_ci_win_server,a174a7856f2190cb2fb504019d267076,Last discovered 214 days ago,"Check whether the device was decommissioned. Retire it, or fix the discovery credentials or schedule."
high,Stale records,hou-win-sql-36,cmdb_ci_win_server,f52d4af2269ed4c980599b9379c2d2e4,Last discovered 400 days ago,"Check whether the device was decommissioned. Retire it, or fix the discovery credentials or schedule."
high,Stale records,HOUSQL01,cmdb_ci_win_server,baa4b71add2467ac778eedb3693dffbc,Last discovered 213 days ago,"Check whether the device was decommissioned. Retire it, or fix the discovery credentials or schedule."
high,Stale records,lt-10035,cmdb_ci_computer,61b512edae423568de14553b1eac41d9,Last discovered 378 days ago,"Check whether the device was decommissioned. Retire it, or fix the discovery credentials or schedule."
high,Stale records,lt-10329,cmdb_ci_computer,9d6022c5e6cfcbd879d290012d6b8a4e,Last discovered 378 days ago,"Check whether the device was decommissioned. Retire it, or fix the discovery credentials or schedule."
high,Stale records,lt-10371,cmdb_ci_computer,3b4ec9f5b2cd9a0a840c5cb082b34384,Last discovered 397 days ago,"Check whether the device was decommissioned. Retire it, or fix the discovery credentials or schedule."
high,Stale records,lt-10672,cmdb_ci_computer,eac7dc2e9099a283eedb0ce5a7fecdcd,Last discovered 256 days ago,"Check whether the device was decommissioned. Retire it, or fix the discovery credentials or schedule."
high,Stale records,phx-lnx-api-21,cmdb_ci_linux_server,1eb2a7b8da3c45ca43d78f2b769de1e3,Last discovered 232 days ago,"Check whether the device was decommissioned. Retire it, or fix the discovery credentials or schedule."
high,Stale records,PHX-WIN-SCCM-23,cmdb_ci_win_server,aa5f89ca5bea530d219c00cb9a7fde23,Last discovered 295 days ago,"Check whether the device was decommissioned. Retire it, or fix the discovery credentials or schedule."
high,Stale records,phx-win-sftp-06,cmdb_ci_win_server,8b48f49686abd4e7f412436011536e99,Last discovered 299 days ago,"Check whether the device was decommissioned. Retire it, or fix the discovery credentials or schedule."
medium,Duplicates,atl-lnx-nfs-22,cmdb_ci_linux_server,2dea2d2d086c405fa879d8f890422eb7,Same host name as another cmdb_ci_linux_server record (3 records),"Confirm it is the same device, then merge. Check whether the duplicate came from a second discovery source."
medium,Duplicates,atl-lnx-nfs-22.corp.northwind.local,cmdb_ci_linux_server,1830208269bba3c46cc721f082ba0fed,Same host name as another cmdb_ci_linux_server record (3 records),"Confirm it is the same device, then merge. Check whether the duplicate came from a second discovery source."
medium,Duplicates,chi-win-file-21,cmdb_ci_win_server,6651529e8268690ba43825b559e4b671,Same host name as another cmdb_ci_win_server record (2 records),"Confirm it is the same device, then merge. Check whether the duplicate came from a second discovery source."
medium,Duplicates,chi-win-rds-10,cmdb_ci_win_server,1a43db54523ae9934b3446bc8ba435cc,Same host name as another cmdb_ci_win_server record (2 records),"Confirm it is the same device, then merge. Check whether the duplicate came from a second discovery source."
medium,Duplicates,dal-win-sql-08.corp.northwind.local,cmdb_ci_win_server,155287c70b9613466498da39d7c8f02c,Same host name as another cmdb_ci_win_server record (2 records),"Confirm it is the same device, then merge. Check whether the duplicate came from a second discovery source."
medium,Duplicates,hou-win-sftp-13,cmdb_ci_win_server,12e89d10287117338beddb12ad77e82f,Same host name as another cmdb_ci_win_server record (2 records),"Confirm it is the same device, then merge. Check whether the duplicate came from a second discovery source."
medium,Relationships,Fleet Telematics,cmdb_ci_appl,931414e8510e641ffe67e8e90a88e6ca,Linked to a CI that no longer exists,Delete the broken cmdb_rel_ci record.
medium,Relationships,Safety Incident Log,cmdb_ci_appl,4a1a421961bba5fbd5108bc02f9e1ddb,Linked to a CI that no longer exists,Delete the broken cmdb_rel_ci record.
medium,Relationships,Yard Check-in,cmdb_ci_appl,31f55560a42d10f59bafcc200e16af3f,Linked to a CI that no longer exists,Delete the broken cmdb_rel_ci record.
medium,Required fields,chi-lnx-proxy-25,cmdb_ci_linux_server,8cf9eea9e1fdc6d1697852217fb75c57,Missing Location,"Fill in the missing fields, or set a default through a data policy or the discovery pattern."
medium,Required fields,chi-win-file-21,cmdb_ci_win_server,750d112e8164ceec64ab851bf1fac6e7,Missing Location,"Fill in the missing fields, or set a default through a data policy or the discovery pattern."
medium,Required fields,chi-win-iis-16,cmdb_ci_win_server,c48d56502e9522d696792482a3c988e4,Missing Location,"Fill in the missing fields, or set a default through a data policy or the discovery pattern."
medium,Required fields,Customs Broker Gateway,cmdb_ci_appl,299fff30f9b81e658a34b26b72cc3fc5,Missing Managed by,"Fill in the missing fields, or set a default through a data policy or the discovery pattern."
medium,Required fields,dal-win-file-32,cmdb_ci_win_server,9424aed51bac5c154fa03f26f6f7f0cc,Missing Location,"Fill in the missing fields, or set a default through a data policy or the discovery pattern."
medium,Required fields,dal-win-sftp-33,cmdb_ci_win_server,2b0abeddc77444cb5543fc3c38b8f24e,Missing Location,"Fill in the missing fields, or set a default through a data policy or the discovery pattern."
medium,Required fields,Driver Portal,cmdb_ci_appl,08e1624eb506c24d8fff29f734850fcd,Missing Managed by,"Fill in the missing fields, or set a default through a data policy or the discovery pattern."
medium,Required fields,Driver Training LMS,cmdb_ci_appl,fb29ff362155fba835b823e420168e6d,Missing Managed by,"Fill in the missing fields, or set a default through a data policy or the discovery pattern."
medium,Required fields,dt-10140,cmdb_ci_computer,8c3573214abf6f5cccc7147ff6e5203c,Missing Asset tag,"Fill in the missing fields, or set a default through a data policy or the discovery pattern."
medium,Required fields,dt-10189,cmdb_ci_computer,2fddb26a13106665aec2bb19fbc398d8,Missing Asset tag,"Fill in the missing fields, or set a default through a data policy or the discovery pattern."
medium,Required fields,dt-10189,cmdb_ci_computer,75cd3e5c7a248720a7e292992bf6d915,Missing Asset tag,"Fill in the missing fields, or set a default through a data policy or the discovery pattern."
medium,Required fields,dt-10574,cmdb_ci_computer,6a4989a68ee25e54bfcb33888ef4d74b,Missing Asset tag,"Fill in the missing fields, or set a default through a data policy or the discovery pattern."
medium,Required fields,dt-10763,cmdb_ci_computer,6a25542effbd9cdd9d84d303ccb03fc5,Missing Serial number,"Fill in the missing fields, or set a default through a data policy or the discovery pattern."
medium,Required fields,dt-10861,cmdb_ci_computer,02141a68952d986c16db8a18fd8398c3,Missing Serial number,"Fill in the missing fields, or set a default through a data policy or the discovery pattern."
medium,Required fields,hou-win-rds-23,cmdb_ci_win_server,6703b6365380b904688c7015aab97e49,Missing Serial number,"Fill in the missing fields, or set a default through a data policy or the discovery pattern."
medium,Required fields,lt-10049,cmdb_ci_computer,5f8392d5bb0c7919330ccff588a5fa0d,Missing Asset tag,"Fill in the missing fields, or set a default through a data policy or the discovery pattern."
medium,Required fields,lt-10476,cmdb_ci_computer,e096521ea2c723d4bfb8abb9a18c5492,Missing Asset tag,"Fill in the missing fields, or set a default through a data policy or the discovery pattern."
medium,Required fields,lt-10812,cmdb_ci_computer,f553056703e7dd211d4d46d6460d113d,Missing Asset tag,"Fill in the missing fields, or set a default through a data policy or the discovery pattern."
medium,Required fields,lt-10819,cmdb_ci_computer,e73e2bc578822064076c108d214c87b1,Missing Asset tag,"Fill in the missing fields, or set a default through a data policy or the discovery pattern."
medium,Required fields,lt-10854,cmdb_ci_computer,c146ed52e73bc91394ad345ae3239264,Missing Asset tag,"Fill in the missing fields, or set a default through a data policy or the discovery pattern."
medium,Required fields,lt-10980,cmdb_ci_computer,ff12fe28b840d136067e4b72316e8645,Missing Serial number,"Fill in the missing fields, or set a default through a data policy or the discovery pattern."
medium,Required fields,lt-10987,cmdb_ci_computer,85eb2b3faad53fb8a762b59cce9e5929,Missing Serial number,"Fill in the missing fields, or set a default through a data policy or the discovery pattern."
medium,Required fields,phx-lnx-redis-02,cmdb_ci_linux_server,64880945ad1db537d7f34368c2efeecb,Missing Location,"Fill in the missing fields, or set a default through a data policy or the discovery pattern."
medium,Stale records,chi-win-sccm-27,cmdb_ci_win_server,464c04af3d3f3799a07295e97c0e8cd8,Last discovered 127 days ago,"Check whether the device was decommissioned. Retire it, or fix the discovery credentials or schedule."
medium,Stale records,chi-win-sql01,cmdb_ci_computer,38a06ffe597278c51789be6367465743,Never discovered,"Confirm the device exists. If it does, add it to a discovery schedule; if not, retire it."
medium,Stale records,dt-10616,cmdb_ci_computer,6f3acf3380777ac56605de3c15c7bc83,Never discovered,"Confirm the device exists. If it does, add it to a discovery schedule; if not, retire it."
medium,Stale records,dt-10798,cmdb_ci_computer,84222f58f02254affb764637d277ab64,Never discovered,"Confirm the device exists. If it does, add it to a discovery schedule; if not, retire it."
medium,Stale records,hou-lnx-redis-15,cmdb_ci_linux_server,bf337a151e086f20bdd151b0f64ab6ec,Last discovered 104 days ago,"Check whether the device was decommissioned. Retire it, or fix the discovery credentials or schedule."
medium,Stale records,hou-win-sql-12,cmdb_ci_win_server,db20a56edc815fe7ceda8bbb71710434,Last discovered 113 days ago,"Check whether the device was decommissioned. Retire it, or fix the discovery credentials or schedule."
medium,Stale records,lt-10245,cmdb_ci_computer,bdce635fbf905d6a35c606b54e003d55,Last discovered 126 days ago,"Check whether the device was decommissioned. Retire it, or fix the discovery credentials or schedule."
medium,Stale records,lt-10882,cmdb_ci_computer,01e6ee9a9ac550236cbdd9312f900058,Never discovered,"Confirm the device exists. If it does, add it to a discovery schedule; if not, retire it."
medium,Stale records,lt-11113,cmdb_ci_computer,f8815f185f34fd6c7bf75b573a0e618f,Never discovered,"Confirm the device exists. If it does, add it to a discovery schedule; if not, retire it."
medium,Stale records,PHX-WIN-WEB-24,cmdb_ci_win_server,6eaf0a90cd14eacb7da806314c6d8ddd,Last discovered 150 days ago,"Check whether the device was decommissioned. Retire it, or fix the discovery credentials or schedule."
medium,Status conflicts,atl-lnx-api-36,cmdb_ci_linux_server,1d3e503a9645f0e4647dc3929c7eb575,"Retired, but still marked Operational","Set Operational status to Retired, or reinstate the CI if it is in use."
medium,Status conflicts,atl-win-rds-05,cmdb_ci_win_server,95a76d79bf3c4c06434308bc89fa6a68,"Retired, but still marked Operational","Set Operational status to Retired, or reinstate the CI if it is in use."
medium,Status conflicts,hou-win-sccm-13,cmdb_ci_win_server,ed3049cf43e458fc63f2ae24fc3d3348,"Retired, but still marked Operational","Set Operational status to Retired, or reinstate the CI if it is in use."
medium,Status conflicts,hou-win-sql-22,cmdb_ci_win_server,72c22a1679eb4168104556e5bee3eb79,"Retired, but still marked Operational","Set Operational status to Retired, or reinstate the CI if it is in use."
medium,Status conflicts,phx-win-dc-14,cmdb_ci_win_server,059dd55d4b943e30b303f438fe2110d0,"Retired, but still marked Operational","Set Operational status to Retired, or reinstate the CI if it is in use."
low,Naming standard,chi-win-sql01,cmdb_ci_computer,38a06ffe597278c51789be6367465743,'chi-win-sql01' doesn't match ^(lt|dt)-\d{5}$,"Rename to the standard, or fix the hostname at the source so discovery brings it in correctly."
low,Naming standard,dal_web_03,cmdb_ci_win_server,62dbc8503c5bf3a75fbbf0b1808389c8,"'dal_web_03' doesn't match ^[a-z]{3}-win-[a-z0-9]{2,12}-\d{2}$","Rename to the standard, or fix the hostname at the source so discovery brings it in correctly."
low,Naming standard,DESKTOP-4KT8M1P,cmdb_ci_computer,04c44853a33b3dfd904865c6f8205aa7,'DESKTOP-4KT8M1P' doesn't match ^(lt|dt)-\d{5}$,"Rename to the standard, or fix the hostname at the source so discovery brings it in correctly."
low,Naming standard,HOUSQL01,cmdb_ci_win_server,baa4b71add2467ac778eedb3693dffbc,"'HOUSQL01' doesn't match ^[a-z]{3}-win-[a-z0-9]{2,12}-\d{2}$","Rename to the standard, or fix the hostname at the source so discovery brings it in correctly."
low,Naming standard,LAPTOP-JCHEN,cmdb_ci_linux_server,443b1d0f3dbc3093a82844423f738f50,"'LAPTOP-JCHEN' doesn't match ^[a-z]{3}-lnx-[a-z0-9]{2,12}-\d{2}$","Rename to the standard, or fix the hostname at the source so discovery brings it in correctly."
low,Naming standard,PHX-LNX-API-7,cmdb_ci_linux_server,8989c5abfe2b34d82db0728d1e5ebe54,"'PHX-LNX-API-7' doesn't match ^[a-z]{3}-lnx-[a-z0-9]{2,12}-\d{2}$","Rename to the standard, or fix the hostname at the source so discovery brings it in correctly."
low,Naming standard,SERVER2019,cmdb_ci_linux_server,624a2a50d0b1fde031f3f0c022f3f068,"'SERVER2019' doesn't match ^[a-z]{3}-lnx-[a-z0-9]{2,12}-\d{2}$","Rename to the standard, or fix the hostname at the source so discovery brings it in correctly."
low,Naming standard,test-box,cmdb_ci_win_server,9b4e164b5716dc2e343ada2a76e5ae78,"'test-box' doesn't match ^[a-z]{3}-win-[a-z0-9]{2,12}-\d{2}$","Rename to the standard, or fix the hostname at the source so discovery brings it in correctly."
low,Naming standard,WIN-7F3K2QJ9,cmdb_ci_computer,27591ad40a398bf727a158a0efffa2f4,'WIN-7F3K2QJ9' doesn't match ^(lt|dt)-\d{5}$,"Rename to the standard, or fix the hostname at the source so discovery brings it in correctly."
low,Status conflicts,dt-10462,cmdb_ci_computer,1054b2d5187635761a5ed19665a4c79b,"Operational status is Retired, but install status is not","Align both fields, ideally with a business rule that keeps them in sync."
low,Status conflicts,dt-10637,cmdb_ci_computer,4237692ac017466e85f4c0a28be27516,"Operational status is Retired, but install status is not","Align both fields, ideally with a business rule that keeps them in sync."
low,Status conflicts,lt-10280,cmdb_ci_computer,ce7968b7f6c8b8b9d91556643d274ad5,"Operational status is Retired, but install status is not","Align both fields, ideally with a business rule that keeps them in sync."
